[
{
  "model": "store.author",
  "pk": 1,
  "fields": {
    "name": "Adam Diaz",
    "age": 87
  }
},
{
  "model": "store.author",
  "pk": 2,
  "fields": {
    "name": "Kevin Villa",
    "age": 18
  }
},
{
  "model": "store.author",
  "pk": 3,
  "fields": {
    "name": "Brittany Baxter",
    "age": 69
  }
},
{
  "model": "store.author",
  "pk": 4,
  "fields": {
    "name": "Richard Roach",
    "age": 46
  }
},
{
  "model": "store.author",
  "pk": 5,
  "fields": {
    "name": "John King",
    "age": 24
  }
},
{
  "model": "store.author",
  "pk": 6,
  "fields": {
    "name": "Kimberly Williams",
    "age": 55
  }
},
{
  "model": "store.author",
  "pk": 7,
  "fields": {
    "name": "Shawn Tyler",
    "age": 84
  }
},
{
  "model": "store.author",
  "pk": 8,
  "fields": {
    "name": "Paul Martinez",
    "age": 26
  }
},
{
  "model": "store.author",
  "pk": 9,
  "fields": {
    "name": "Emily Vance",
    "age": 43
  }
},
{
  "model": "store.author",
  "pk": 10,
  "fields": {
    "name": "Benjamin Kaufman",
    "age": 100
  }
},
{
  "model": "store.author",
  "pk": 11,
  "fields": {
    "name": "Nicole Durham",
    "age": 78
  }
},
{
  "model": "store.author",
  "pk": 12,
  "fields": {
    "name": "Margaret Wood",
    "age": 43
  }
},
{
  "model": "store.author",
  "pk": 13,
  "fields": {
    "name": "Johnny Dunn",
    "age": 84
  }
},
{
  "model": "store.author",
  "pk": 14,
  "fields": {
    "name": "Tammy Ray",
    "age": 88
  }
},
{
  "model": "store.publisher",
  "pk": 1,
  "fields": {
    "name": "Erika Fernandez"
  }
},
{
  "model": "store.publisher",
  "pk": 2,
  "fields": {
    "name": "Barbara Anderson"
  }
},
{
  "model": "store.publisher",
  "pk": 3,
  "fields": {
    "name": "Natasha Anderson"
  }
},
{
  "model": "store.publisher",
  "pk": 4,
  "fields": {
    "name": "Jason Gallagher"
  }
},
{
  "model": "store.publisher",
  "pk": 5,
  "fields": {
    "name": "Jennifer Watson"
  }
},
{
  "model": "store.publisher",
  "pk": 6,
  "fields": {
    "name": "Ruth Robinson"
  }
},
{
  "model": "store.publisher",
  "pk": 7,
  "fields": {
    "name": "Joseph Perez"
  }
},
{
  "model": "store.publisher",
  "pk": 8,
  "fields": {
    "name": "James Miranda"
  }
},
{
  "model": "store.book",
  "pk": 1,
  "fields": {
    "name": "Aguirre PLC",
    "pages": 914,
    "price": "17.00",
    "rating": 2.0,
    "publisher": 5,
    "pubdate": "2014-04-28",
    "authors": []
  }
},
{
  "model": "store.book",
  "pk": 2,
  "fields": {
    "name": "Mcintosh and Sons",
    "pages": 190,
    "price": "93.00",
    "rating": 5.0,
    "publisher": 6,
    "pubdate": "1970-04-06",
    "authors": [
      9,
      10
    ]
  }
},
{
  "model": "store.book",
  "pk": 3,
  "fields": {
    "name": "Garcia LLC",
    "pages": 240,
    "price": "15.00",
    "rating": 3.0,
    "publisher": 6,
    "pubdate": "2012-01-16",
    "authors": [
      9,
      10
    ]
  }
},
{
  "model": "store.book",
  "pk": 4,
  "fields": {
    "name": "Cline, Johnson and Carter",
    "pages": 116,
    "price": "31.00",
    "rating": 4.0,
    "publisher": 6,
    "pubdate": "1989-01-30",
    "authors": [
      9,
      10
    ]
  }
},
{
  "model": "store.book",
  "pk": 5,
  "fields": {
    "name": "Murphy, Cook and Edwards",
    "pages": 472,
    "price": "66.00",
    "rating": 2.0,
    "publisher": 6,
    "pubdate": "1997-12-24",
    "authors": [
      9,
      10
    ]
  }
},
{
  "model": "store.book",
  "pk": 6,
  "fields": {
    "name": "White-Allen",
    "pages": 610,
    "price": "81.00",
    "rating": 4.0,
    "publisher": 6,
    "pubdate": "1979-05-04",
    "authors": [
      9,
      10
    ]
  }
},
{
  "model": "store.book",
  "pk": 7,
  "fields": {
    "name": "Ryan-Andrews",
    "pages": 146,
    "price": "66.00",
    "rating": 5.0,
    "publisher": 6,
    "pubdate": "1987-10-15",
    "authors": [
      9,
      10
    ]
  }
},
{
  "model": "store.book",
  "pk": 8,
  "fields": {
    "name": "Griffin, Mcgee and Hendricks",
    "pages": 735,
    "price": "32.00",
    "rating": 3.0,
    "publisher": 6,
    "pubdate": "1980-10-21",
    "authors": [
      9,
      10
    ]
  }
},
{
  "model": "store.book",
  "pk": 9,
  "fields": {
    "name": "Lowery-Arnold",
    "pages": 659,
    "price": "70.00",
    "rating": 5.0,
    "publisher": 6,
    "pubdate": "2018-04-16",
    "authors": [
      9,
      10
    ]
  }
},
{
  "model": "store.book",
  "pk": 10,
  "fields": {
    "name": "Jacobson, Scott and Brown",
    "pages": 668,
    "price": "37.00",
    "rating": 2.0,
    "publisher": 6,
    "pubdate": "2011-08-26",
    "authors": [
      9,
      10
    ]
  }
},
{
  "model": "store.book",
  "pk": 11,
  "fields": {
    "name": "Dillon-Morales",
    "pages": 981,
    "price": "38.00",
    "rating": 5.0,
    "publisher": 6,
    "pubdate": "1988-11-24",
    "authors": [
      9,
      10
    ]
  }
},
{
  "model": "store.book",
  "pk": 12,
  "fields": {
    "name": "Moyer-Yu",
    "pages": 474,
    "price": "52.00",
    "rating": 2.0,
    "publisher": 6,
    "pubdate": "1992-05-18",
    "authors": [
      9,
      10
    ]
  }
},
{
  "model": "store.book",
  "pk": 13,
  "fields": {
    "name": "Griffin-Odom",
    "pages": 100,
    "price": "60.00",
    "rating": 2.0,
    "publisher": 6,
    "pubdate": "2001-10-26",
    "authors": [
      9,
      10
    ]
  }
},
{
  "model": "store.book",
  "pk": 14,
  "fields": {
    "name": "White-Mcdonald",
    "pages": 887,
    "price": "53.00",
    "rating": 2.0,
    "publisher": 6,
    "pubdate": "1990-09-23",
    "authors": [
      9,
      10
    ]
  }
},
{
  "model": "store.book",
  "pk": 15,
  "fields": {
    "name": "Hernandez-Odom",
    "pages": 855,
    "price": "43.00",
    "rating": 4.0,
    "publisher": 6,
    "pubdate": "2014-09-12",
    "authors": [
      9,
      10
    ]
  }
},
{
  "model": "store.book",
  "pk": 16,
  "fields": {
    "name": "Thompson-Woods",
    "pages": 874,
    "price": "59.00",
    "rating": 4.0,
    "publisher": 6,
    "pubdate": "2002-02-06",
    "authors": [
      9,
      10
    ]
  }
},
{
  "model": "store.book",
  "pk": 17,
  "fields": {
    "name": "Benson PLC",
    "pages": 299,
    "price": "62.00",
    "rating": 4.0,
    "publisher": 6,
    "pubdate": "1995-05-12",
    "authors": [
      9,
      10
    ]
  }
},
{
  "model": "store.book",
  "pk": 18,
  "fields": {
    "name": "Liu Inc",
    "pages": 289,
    "price": "61.00",
    "rating": 2.0,
    "publisher": 6,
    "pubdate": "1983-10-29",
    "authors": [
      9,
      10
    ]
  }
},
{
  "model": "store.book",
  "pk": 19,
  "fields": {
    "name": "Cannon, Levy and Watkins",
    "pages": 917,
    "price": "100.00",
    "rating": 5.0,
    "publisher": 6,
    "pubdate": "2016-07-06",
    "authors": [
      9,
      10
    ]
  }
},
{
  "model": "store.book",
  "pk": 20,
  "fields": {
    "name": "Foster, Russell and Miller",
    "pages": 131,
    "price": "51.00",
    "rating": 2.0,
    "publisher": 6,
    "pubdate": "2020-12-31",
    "authors": [
      9,
      10
    ]
  }
},
{
  "model": "store.book",
  "pk": 21,
  "fields": {
    "name": "Miller, Petersen and Curtis",
    "pages": 546,
    "price": "34.00",
    "rating": 5.0,
    "publisher": 6,
    "pubdate": "2009-10-18",
    "authors": [
      9,
      10
    ]
  }
},
{
  "model": "store.book",
  "pk": 22,
  "fields": {
    "name": "Delgado PLC",
    "pages": 381,
    "price": "39.00",
    "rating": 4.0,
    "publisher": 6,
    "pubdate": "1984-06-05",
    "authors": [
      9,
      10
    ]
  }
},
{
  "model": "store.book",
  "pk": 23,
  "fields": {
    "name": "Powell, Floyd and Key",
    "pages": 949,
    "price": "83.00",
    "rating": 2.0,
    "publisher": 6,
    "pubdate": "1979-01-07",
    "authors": [
      9,
      10
    ]
  }
},
{
  "model": "store.book",
  "pk": 24,
  "fields": {
    "name": "Garcia LLC",
    "pages": 302,
    "price": "30.00",
    "rating": 5.0,
    "publisher": 6,
    "pubdate": "2014-06-26",
    "authors": [
      9,
      10
    ]
  }
},
{
  "model": "store.book",
  "pk": 25,
  "fields": {
    "name": "Stone LLC",
    "pages": 707,
    "price": "51.00",
    "rating": 3.0,
    "publisher": 6,
    "pubdate": "1999-12-21",
    "authors": [
      9,
      10
    ]
  }
},
{
  "model": "store.book",
  "pk": 26,
  "fields": {
    "name": "Perez, Vargas and Oconnor",
    "pages": 213,
    "price": "38.00",
    "rating": 5.0,
    "publisher": 6,
    "pubdate": "1979-05-12",
    "authors": [
      9,
      10
    ]
  }
},
{
  "model": "store.book",
  "pk": 27,
  "fields": {
    "name": "Price-Tran",
    "pages": 241,
    "price": "79.00",
    "rating": 2.0,
    "publisher": 6,
    "pubdate": "2007-04-15",
    "authors": [
      9,
      10
    ]
  }
},
{
  "model": "store.book",
  "pk": 28,
  "fields": {
    "name": "Daniels-Garcia",
    "pages": 355,
    "price": "60.00",
    "rating": 3.0,
    "publisher": 6,
    "pubdate": "1988-06-19",
    "authors": [
      9,
      10
    ]
  }
},
{
  "model": "store.book",
  "pk": 29,
  "fields": {
    "name": "Scott, Bishop and Edwards",
    "pages": 390,
    "price": "17.00",
    "rating": 5.0,
    "publisher": 6,
    "pubdate": "1970-03-19",
    "authors": [
      9,
      10
    ]
  }
},
{
  "model": "store.book",
  "pk": 30,
  "fields": {
    "name": "Stuart, Jackson and Simmons",
    "pages": 579,
    "price": "38.00",
    "rating": 3.0,
    "publisher": 6,
    "pubdate": "2013-08-04",
    "authors": [
      9,
      10
    ]
  }
},
{
  "model": "store.book",
  "pk": 31,
  "fields": {
    "name": "Anderson PLC",
    "pages": 314,
    "price": "51.00",
    "rating": 4.0,
    "publisher": 6,
    "pubdate": "1982-05-28",
    "authors": [
      9,
      10
    ]
  }
},
{
  "model": "store.book",
  "pk": 32,
  "fields": {
    "name": "Cole Group",
    "pages": 251,
    "price": "71.00",
    "rating": 4.0,
    "publisher": 6,
    "pubdate": "2021-02-03",
    "authors": [
      9,
      10
    ]
  }
},
{
  "model": "store.book",
  "pk": 33,
  "fields": {
    "name": "White, Massey and Turner",
    "pages": 228,
    "price": "47.00",
    "rating": 2.0,
    "publisher": 6,
    "pubdate": "1990-09-08",
    "authors": [
      9,
      10
    ]
  }
},
{
  "model": "store.book",
  "pk": 34,
  "fields": {
    "name": "Lopez, Guzman and Jackson",
    "pages": 217,
    "price": "93.00",
    "rating": 3.0,
    "publisher": 6,
    "pubdate": "1984-09-16",
    "authors": [
      9,
      10
    ]
  }
},
{
  "model": "store.book",
  "pk": 35,
  "fields": {
    "name": "Collins, Pierce and Norton",
    "pages": 195,
    "price": "73.00",
    "rating": 2.0,
    "publisher": 6,
    "pubdate": "2010-02-07",
    "authors": [
      9,
      10
    ]
  }
},
{
  "model": "store.book",
  "pk": 36,
  "fields": {
    "name": "Luna Ltd",
    "pages": 703,
    "price": "30.00",
    "rating": 4.0,
    "publisher": 6,
    "pubdate": "2004-12-28",
    "authors": [
      9,
      10
    ]
  }
},
{
  "model": "store.book",
  "pk": 37,
  "fields": {
    "name": "Carter-Miller",
    "pages": 383,
    "price": "81.00",
    "rating": 5.0,
    "publisher": 6,
    "pubdate": "2006-11-17",
    "authors": [
      9,
      10
    ]
  }
},
{
  "model": "store.book",
  "pk": 38,
  "fields": {
    "name": "Ramirez-Phelps",
    "pages": 430,
    "price": "84.00",
    "rating": 2.0,
    "publisher": 6,
    "pubdate": "2013-01-09",
    "authors": [
      9,
      10
    ]
  }
},
{
  "model": "store.book",
  "pk": 39,
  "fields": {
    "name": "Green Inc",
    "pages": 800,
    "price": "18.00",
    "rating": 3.0,
    "publisher": 6,
    "pubdate": "1995-08-31",
    "authors": [
      9,
      10
    ]
  }
},
{
  "model": "store.book",
  "pk": 40,
  "fields": {
    "name": "Hayes and Sons",
    "pages": 897,
    "price": "30.00",
    "rating": 5.0,
    "publisher": 6,
    "pubdate": "1972-04-04",
    "authors": [
      9,
      10
    ]
  }
},
{
  "model": "store.book",
  "pk": 41,
  "fields": {
    "name": "Smith, Morris and Cole",
    "pages": 110,
    "price": "42.00",
    "rating": 4.0,
    "publisher": 6,
    "pubdate": "1992-09-17",
    "authors": [
      9,
      10
    ]
  }
},
{
  "model": "store.book",
  "pk": 42,
  "fields": {
    "name": "Gillespie-Campos",
    "pages": 200,
    "price": "46.00",
    "rating": 3.0,
    "publisher": 6,
    "pubdate": "2000-12-13",
    "authors": [
      9,
      10
    ]
  }
},
{
  "model": "store.book",
  "pk": 43,
  "fields": {
    "name": "Blair-Thompson",
    "pages": 945,
    "price": "60.00",
    "rating": 2.0,
    "publisher": 6,
    "pubdate": "2022-03-06",
    "authors": [
      9,
      10
    ]
  }
},
{
  "model": "store.book",
  "pk": 44,
  "fields": {
    "name": "Bullock, Huffman and Baxter",
    "pages": 982,
    "price": "98.00",
    "rating": 3.0,
    "publisher": 6,
    "pubdate": "1985-07-17",
    "authors": [
      9,
      10
    ]
  }
},
{
  "model": "store.book",
  "pk": 45,
  "fields": {
    "name": "Hays-Morrow",
    "pages": 112,
    "price": "79.00",
    "rating": 3.0,
    "publisher": 6,
    "pubdate": "1998-02-13",
    "authors": [
      9,
      10
    ]
  }
},
{
  "model": "store.book",
  "pk": 46,
  "fields": {
    "name": "Hull-Sharp",
    "pages": 492,
    "price": "57.00",
    "rating": 3.0,
    "publisher": 6,
    "pubdate": "1989-06-05",
    "authors": [
      9,
      10
    ]
  }
},
{
  "model": "store.book",
  "pk": 47,
  "fields": {
    "name": "Hanson, Barnett and Stone",
    "pages": 673,
    "price": "99.00",
    "rating": 5.0,
    "publisher": 6,
    "pubdate": "1975-04-05",
    "authors": [
      9,
      10
    ]
  }
},
{
  "model": "store.book",
  "pk": 48,
  "fields": {
    "name": "Cochran, Green and Carr",
    "pages": 342,
    "price": "99.00",
    "rating": 2.0,
    "publisher": 6,
    "pubdate": "1992-07-10",
    "authors": [
      9,
      10
    ]
  }
},
{
  "model": "store.book",
  "pk": 49,
  "fields": {
    "name": "Allen Ltd",
    "pages": 986,
    "price": "21.00",
    "rating": 4.0,
    "publisher": 6,
    "pubdate": "2015-03-07",
    "authors": [
      9,
      10
    ]
  }
},
{
  "model": "store.book",
  "pk": 50,
  "fields": {
    "name": "Roth, Thompson and Meyer",
    "pages": 968,
    "price": "11.00",
    "rating": 2.0,
    "publisher": 6,
    "pubdate": "1977-07-18",
    "authors": [
      9,
      10
    ]
  }
},
{
  "model": "store.book",
  "pk": 51,
  "fields": {
    "name": "Ramos, Trujillo and Gutierrez",
    "pages": 302,
    "price": "18.00",
    "rating": 3.0,
    "publisher": 6,
    "pubdate": "2007-10-28",
    "authors": [
      9,
      10
    ]
  }
},
{
  "model": "store.book",
  "pk": 52,
  "fields": {
    "name": "Davies-Dillon",
    "pages": 881,
    "price": "16.00",
    "rating": 4.0,
    "publisher": 7,
    "pubdate": "2008-06-25",
    "authors": [
      11,
      12
    ]
  }
},
{
  "model": "store.book",
  "pk": 53,
  "fields": {
    "name": "Fowler, Myers and Ellis",
    "pages": 560,
    "price": "90.00",
    "rating": 4.0,
    "publisher": 7,
    "pubdate": "1999-09-26",
    "authors": [
      11,
      12
    ]
  }
},
{
  "model": "store.book",
  "pk": 54,
  "fields": {
    "name": "Williams and Sons",
    "pages": 931,
    "price": "48.00",
    "rating": 4.0,
    "publisher": 7,
    "pubdate": "1987-06-21",
    "authors": [
      11,
      12
    ]
  }
},
{
  "model": "store.book",
  "pk": 55,
  "fields": {
    "name": "Conrad-Conway",
    "pages": 465,
    "price": "39.00",
    "rating": 4.0,
    "publisher": 7,
    "pubdate": "1994-06-19",
    "authors": [
      11,
      12
    ]
  }
},
{
  "model": "store.book",
  "pk": 56,
  "fields": {
    "name": "Holloway, Johnson and Price",
    "pages": 764,
    "price": "48.00",
    "rating": 4.0,
    "publisher": 7,
    "pubdate": "1989-04-08",
    "authors": [
      11,
      12
    ]
  }
},
{
  "model": "store.book",
  "pk": 57,
  "fields": {
    "name": "Wallace-Miller",
    "pages": 207,
    "price": "38.00",
    "rating": 3.0,
    "publisher": 7,
    "pubdate": "1982-08-06",
    "authors": [
      11,
      12
    ]
  }
},
{
  "model": "store.book",
  "pk": 58,
  "fields": {
    "name": "Conrad and Sons",
    "pages": 798,
    "price": "84.00",
    "rating": 5.0,
    "publisher": 7,
    "pubdate": "1985-02-23",
    "authors": [
      11,
      12
    ]
  }
},
{
  "model": "store.book",
  "pk": 59,
  "fields": {
    "name": "Vaughn-Valdez",
    "pages": 966,
    "price": "41.00",
    "rating": 5.0,
    "publisher": 7,
    "pubdate": "2013-02-18",
    "authors": [
      11,
      12
    ]
  }
},
{
  "model": "store.book",
  "pk": 60,
  "fields": {
    "name": "Williams, Bradley and Castillo",
    "pages": 142,
    "price": "27.00",
    "rating": 3.0,
    "publisher": 7,
    "pubdate": "1998-09-09",
    "authors": [
      11,
      12
    ]
  }
},
{
  "model": "store.book",
  "pk": 61,
  "fields": {
    "name": "Gentry-Williams",
    "pages": 290,
    "price": "60.00",
    "rating": 2.0,
    "publisher": 7,
    "pubdate": "1988-07-20",
    "authors": [
      11,
      12
    ]
  }
},
{
  "model": "store.book",
  "pk": 62,
  "fields": {
    "name": "Bridges, Bautista and Edwards",
    "pages": 394,
    "price": "46.00",
    "rating": 2.0,
    "publisher": 7,
    "pubdate": "2012-06-23",
    "authors": [
      11,
      12
    ]
  }
},
{
  "model": "store.book",
  "pk": 63,
  "fields": {
    "name": "Coleman, Schaefer and Hill",
    "pages": 785,
    "price": "23.00",
    "rating": 3.0,
    "publisher": 7,
    "pubdate": "2018-09-10",
    "authors": [
      11,
      12
    ]
  }
},
{
  "model": "store.book",
  "pk": 64,
  "fields": {
    "name": "Taylor LLC",
    "pages": 567,
    "price": "15.00",
    "rating": 5.0,
    "publisher": 7,
    "pubdate": "1976-01-08",
    "authors": [
      11,
      12
    ]
  }
},
{
  "model": "store.book",
  "pk": 65,
  "fields": {
    "name": "Morales, Higgins and Mack",
    "pages": 723,
    "price": "77.00",
    "rating": 5.0,
    "publisher": 7,
    "pubdate": "1994-06-01",
    "authors": [
      11,
      12
    ]
  }
},
{
  "model": "store.book",
  "pk": 66,
  "fields": {
    "name": "Bryan-Glover",
    "pages": 378,
    "price": "97.00",
    "rating": 2.0,
    "publisher": 7,
    "pubdate": "2009-11-02",
    "authors": [
      11,
      12
    ]
  }
},
{
  "model": "store.book",
  "pk": 67,
  "fields": {
    "name": "Doyle, Rodriguez and Hawkins",
    "pages": 919,
    "price": "42.00",
    "rating": 4.0,
    "publisher": 7,
    "pubdate": "2012-02-24",
    "authors": [
      11,
      12
    ]
  }
},
{
  "model": "store.book",
  "pk": 68,
  "fields": {
    "name": "Griffin, Mills and Tyler",
    "pages": 272,
    "price": "66.00",
    "rating": 4.0,
    "publisher": 7,
    "pubdate": "1975-12-22",
    "authors": [
      11,
      12
    ]
  }
},
{
  "model": "store.book",
  "pk": 69,
  "fields": {
    "name": "Mckay PLC",
    "pages": 959,
    "price": "93.00",
    "rating": 3.0,
    "publisher": 7,
    "pubdate": "2010-01-07",
    "authors": [
      11,
      12
    ]
  }
},
{
  "model": "store.book",
  "pk": 70,
  "fields": {
    "name": "Young-Smith",
    "pages": 111,
    "price": "41.00",
    "rating": 5.0,
    "publisher": 7,
    "pubdate": "1990-05-10",
    "authors": [
      11,
      12
    ]
  }
},
{
  "model": "store.book",
  "pk": 71,
  "fields": {
    "name": "Buchanan, Cole and Mercado",
    "pages": 973,
    "price": "68.00",
    "rating": 2.0,
    "publisher": 7,
    "pubdate": "1984-06-10",
    "authors": [
      11,
      12
    ]
  }
},
{
  "model": "store.book",
  "pk": 72,
  "fields": {
    "name": "Smith-Gallagher",
    "pages": 941,
    "price": "34.00",
    "rating": 5.0,
    "publisher": 7,
    "pubdate": "2020-06-04",
    "authors": [
      11,
      12
    ]
  }
},
{
  "model": "store.book",
  "pk": 73,
  "fields": {
    "name": "Mann, Robinson and Benjamin",
    "pages": 660,
    "price": "52.00",
    "rating": 5.0,
    "publisher": 7,
    "pubdate": "1982-12-25",
    "authors": [
      11,
      12
    ]
  }
},
{
  "model": "store.book",
  "pk": 74,
  "fields": {
    "name": "Jackson-Harris",
    "pages": 116,
    "price": "21.00",
    "rating": 4.0,
    "publisher": 7,
    "pubdate": "1998-01-28",
    "authors": [
      11,
      12
    ]
  }
},
{
  "model": "store.book",
  "pk": 75,
  "fields": {
    "name": "Martin, Garcia and Thompson",
    "pages": 809,
    "price": "40.00",
    "rating": 3.0,
    "publisher": 7,
    "pubdate": "2009-07-17",
    "authors": [
      11,
      12
    ]
  }
},
{
  "model": "store.book",
  "pk": 76,
  "fields": {
    "name": "Morris, Mcgee and Jensen",
    "pages": 691,
    "price": "65.00",
    "rating": 3.0,
    "publisher": 7,
    "pubdate": "1973-02-25",
    "authors": [
      11,
      12
    ]
  }
},
{
  "model": "store.book",
  "pk": 77,
  "fields": {
    "name": "Campbell PLC",
    "pages": 454,
    "price": "46.00",
    "rating": 5.0,
    "publisher": 7,
    "pubdate": "1977-06-24",
    "authors": [
      11,
      12
    ]
  }
},
{
  "model": "store.book",
  "pk": 78,
  "fields": {
    "name": "Cohen LLC",
    "pages": 877,
    "price": "78.00",
    "rating": 2.0,
    "publisher": 7,
    "pubdate": "2002-02-17",
    "authors": [
      11,
      12
    ]
  }
},
{
  "model": "store.book",
  "pk": 79,
  "fields": {
    "name": "Carter, Leonard and Graham",
    "pages": 862,
    "price": "54.00",
    "rating": 3.0,
    "publisher": 7,
    "pubdate": "1986-12-14",
    "authors": [
      11,
      12
    ]
  }
},
{
  "model": "store.book",
  "pk": 80,
  "fields": {
    "name": "Wilson and Sons",
    "pages": 423,
    "price": "28.00",
    "rating": 2.0,
    "publisher": 7,
    "pubdate": "1976-08-06",
    "authors": [
      11,
      12
    ]
  }
},
{
  "model": "store.book",
  "pk": 81,
  "fields": {
    "name": "Le Inc",
    "pages": 234,
    "price": "20.00",
    "rating": 3.0,
    "publisher": 7,
    "pubdate": "2015-07-19",
    "authors": [
      11,
      12
    ]
  }
},
{
  "model": "store.book",
  "pk": 82,
  "fields": {
    "name": "Burgess, Larson and Campos",
    "pages": 136,
    "price": "37.00",
    "rating": 4.0,
    "publisher": 7,
    "pubdate": "2002-03-21",
    "authors": [
      11,
      12
    ]
  }
},
{
  "model": "store.book",
  "pk": 83,
  "fields": {
    "name": "Gilbert-Brown",
    "pages": 766,
    "price": "87.00",
    "rating": 5.0,
    "publisher": 7,
    "pubdate": "1997-09-20",
    "authors": [
      11,
      12
    ]
  }
},
{
  "model": "store.book",
  "pk": 84,
  "fields": {
    "name": "Martinez, Armstrong and Haas",
    "pages": 942,
    "price": "82.00",
    "rating": 5.0,
    "publisher": 7,
    "pubdate": "2012-01-27",
    "authors": [
      11,
      12
    ]
  }
},
{
  "model": "store.book",
  "pk": 85,
  "fields": {
    "name": "Mcconnell-Cain",
    "pages": 862,
    "price": "21.00",
    "rating": 3.0,
    "publisher": 7,
    "pubdate": "2006-11-10",
    "authors": [
      11,
      12
    ]
  }
},
{
  "model": "store.book",
  "pk": 86,
  "fields": {
    "name": "Fletcher, Schultz and Fitzgerald",
    "pages": 301,
    "price": "87.00",
    "rating": 5.0,
    "publisher": 7,
    "pubdate": "2012-07-28",
    "authors": [
      11,
      12
    ]
  }
},
{
  "model": "store.book",
  "pk": 87,
  "fields": {
    "name": "Frazier and Sons",
    "pages": 468,
    "price": "58.00",
    "rating": 4.0,
    "publisher": 7,
    "pubdate": "1978-12-04",
    "authors": [
      11,
      12
    ]
  }
},
{
  "model": "store.book",
  "pk": 88,
  "fields": {
    "name": "Graves Inc",
    "pages": 885,
    "price": "74.00",
    "rating": 4.0,
    "publisher": 7,
    "pubdate": "2002-03-17",
    "authors": [
      11,
      12
    ]
  }
},
{
  "model": "store.book",
  "pk": 89,
  "fields": {
    "name": "Brown-Rogers",
    "pages": 375,
    "price": "35.00",
    "rating": 3.0,
    "publisher": 7,
    "pubdate": "2022-10-27",
    "authors": [
      11,
      12
    ]
  }
},
{
  "model": "store.book",
  "pk": 90,
  "fields": {
    "name": "Nelson PLC",
    "pages": 190,
    "price": "37.00",
    "rating": 5.0,
    "publisher": 7,
    "pubdate": "2000-04-26",
    "authors": [
      11,
      12
    ]
  }
},
{
  "model": "store.book",
  "pk": 91,
  "fields": {
    "name": "Mclaughlin, Knight and Harmon",
    "pages": 575,
    "price": "22.00",
    "rating": 4.0,
    "publisher": 7,
    "pubdate": "1996-04-07",
    "authors": [
      11,
      12
    ]
  }
},
{
  "model": "store.book",
  "pk": 92,
  "fields": {
    "name": "Zavala, Hendricks and Bowman",
    "pages": 517,
    "price": "34.00",
    "rating": 3.0,
    "publisher": 7,
    "pubdate": "2000-06-16",
    "authors": [
      11,
      12
    ]
  }
},
{
  "model": "store.book",
  "pk": 93,
  "fields": {
    "name": "Crawford Group",
    "pages": 190,
    "price": "99.00",
    "rating": 3.0,
    "publisher": 7,
    "pubdate": "1990-06-14",
    "authors": [
      11,
      12
    ]
  }
},
{
  "model": "store.book",
  "pk": 94,
  "fields": {
    "name": "Odonnell, Morgan and Little",
    "pages": 417,
    "price": "61.00",
    "rating": 2.0,
    "publisher": 7,
    "pubdate": "1982-09-25",
    "authors": [
      11,
      12
    ]
  }
},
{
  "model": "store.book",
  "pk": 95,
  "fields": {
    "name": "Santos Inc",
    "pages": 144,
    "price": "88.00",
    "rating": 4.0,
    "publisher": 7,
    "pubdate": "1993-02-28",
    "authors": [
      11,
      12
    ]
  }
},
{
  "model": "store.book",
  "pk": 96,
  "fields": {
    "name": "Stewart, Roth and Mann",
    "pages": 395,
    "price": "57.00",
    "rating": 4.0,
    "publisher": 7,
    "pubdate": "2020-12-20",
    "authors": [
      11,
      12
    ]
  }
},
{
  "model": "store.book",
  "pk": 97,
  "fields": {
    "name": "Cardenas-Smith",
    "pages": 834,
    "price": "93.00",
    "rating": 2.0,
    "publisher": 7,
    "pubdate": "1974-05-24",
    "authors": [
      11,
      12
    ]
  }
},
{
  "model": "store.book",
  "pk": 98,
  "fields": {
    "name": "Collins, Waller and Mason",
    "pages": 134,
    "price": "89.00",
    "rating": 4.0,
    "publisher": 7,
    "pubdate": "1974-07-04",
    "authors": [
      11,
      12
    ]
  }
},
{
  "model": "store.book",
  "pk": 99,
  "fields": {
    "name": "Clark Group",
    "pages": 499,
    "price": "74.00",
    "rating": 3.0,
    "publisher": 7,
    "pubdate": "2021-09-03",
    "authors": [
      11,
      12
    ]
  }
},
{
  "model": "store.book",
  "pk": 100,
  "fields": {
    "name": "Hamilton-Castillo",
    "pages": 214,
    "price": "31.00",
    "rating": 3.0,
    "publisher": 7,
    "pubdate": "1980-05-09",
    "authors": [
      11,
      12
    ]
  }
},
{
  "model": "store.book",
  "pk": 101,
  "fields": {
    "name": "Ochoa-Richards",
    "pages": 599,
    "price": "64.00",
    "rating": 5.0,
    "publisher": 7,
    "pubdate": "2011-02-11",
    "authors": [
      11,
      12
    ]
  }
},
{
  "model": "store.book",
  "pk": 102,
  "fields": {
    "name": "Townsend, Medina and Weeks",
    "pages": 844,
    "price": "62.00",
    "rating": 5.0,
    "publisher": 8,
    "pubdate": "2016-03-01",
    "authors": [
      13,
      14
    ]
  }
},
{
  "model": "store.book",
  "pk": 103,
  "fields": {
    "name": "Garcia-Patton",
    "pages": 731,
    "price": "21.00",
    "rating": 5.0,
    "publisher": 8,
    "pubdate": "1986-04-30",
    "authors": [
      13,
      14
    ]
  }
},
{
  "model": "store.book",
  "pk": 104,
  "fields": {
    "name": "Tucker-Estes",
    "pages": 709,
    "price": "97.00",
    "rating": 3.0,
    "publisher": 8,
    "pubdate": "1984-05-02",
    "authors": [
      13,
      14
    ]
  }
},
{
  "model": "store.book",
  "pk": 105,
  "fields": {
    "name": "Delacruz, Foster and Hall",
    "pages": 733,
    "price": "76.00",
    "rating": 2.0,
    "publisher": 8,
    "pubdate": "1990-10-18",
    "authors": [
      13,
      14
    ]
  }
},
{
  "model": "store.book",
  "pk": 106,
  "fields": {
    "name": "Keller-Brandt",
    "pages": 223,
    "price": "53.00",
    "rating": 5.0,
    "publisher": 8,
    "pubdate": "1982-02-03",
    "authors": [
      13,
      14
    ]
  }
},
{
  "model": "store.book",
  "pk": 107,
  "fields": {
    "name": "Chandler Ltd",
    "pages": 953,
    "price": "75.00",
    "rating": 2.0,
    "publisher": 8,
    "pubdate": "2019-08-30",
    "authors": [
      13,
      14
    ]
  }
},
{
  "model": "store.book",
  "pk": 108,
  "fields": {
    "name": "Stevens, King and Hayes",
    "pages": 696,
    "price": "53.00",
    "rating": 3.0,
    "publisher": 8,
    "pubdate": "2021-02-02",
    "authors": [
      13,
      14
    ]
  }
},
{
  "model": "store.book",
  "pk": 109,
  "fields": {
    "name": "Woods, Valdez and Torres",
    "pages": 797,
    "price": "63.00",
    "rating": 2.0,
    "publisher": 8,
    "pubdate": "2013-06-24",
    "authors": [
      13,
      14
    ]
  }
},
{
  "model": "store.book",
  "pk": 110,
  "fields": {
    "name": "Howell Inc",
    "pages": 466,
    "price": "69.00",
    "rating": 4.0,
    "publisher": 8,
    "pubdate": "1976-11-04",
    "authors": [
      13,
      14
    ]
  }
},
{
  "model": "store.book",
  "pk": 111,
  "fields": {
    "name": "Harris PLC",
    "pages": 683,
    "price": "54.00",
    "rating": 5.0,
    "publisher": 8,
    "pubdate": "1988-09-20",
    "authors": [
      13,
      14
    ]
  }
},
{
  "model": "store.book",
  "pk": 112,
  "fields": {
    "name": "Nguyen, Pittman and Grimes",
    "pages": 596,
    "price": "15.00",
    "rating": 4.0,
    "publisher": 8,
    "pubdate": "2018-03-02",
    "authors": [
      13,
      14
    ]
  }
},
{
  "model": "store.book",
  "pk": 113,
  "fields": {
    "name": "Vasquez and Sons",
    "pages": 356,
    "price": "48.00",
    "rating": 4.0,
    "publisher": 8,
    "pubdate": "1978-09-03",
    "authors": [
      13,
      14
    ]
  }
},
{
  "model": "store.book",
  "pk": 114,
  "fields": {
    "name": "Long LLC",
    "pages": 991,
    "price": "24.00",
    "rating": 3.0,
    "publisher": 8,
    "pubdate": "1970-02-09",
    "authors": [
      13,
      14
    ]
  }
},
{
  "model": "store.book",
  "pk": 115,
  "fields": {
    "name": "Grant, Turner and Tran",
    "pages": 758,
    "price": "84.00",
    "rating": 2.0,
    "publisher": 8,
    "pubdate": "1977-11-04",
    "authors": [
      13,
      14
    ]
  }
},
{
  "model": "store.book",
  "pk": 116,
  "fields": {
    "name": "Ballard-Ramirez",
    "pages": 651,
    "price": "43.00",
    "rating": 5.0,
    "publisher": 8,
    "pubdate": "1993-11-06",
    "authors": [
      13,
      14
    ]
  }
},
{
  "model": "store.book",
  "pk": 117,
  "fields": {
    "name": "Gordon, Moody and Levine",
    "pages": 435,
    "price": "83.00",
    "rating": 5.0,
    "publisher": 8,
    "pubdate": "2018-02-11",
    "authors": [
      13,
      14
    ]
  }
},
{
  "model": "store.book",
  "pk": 118,
  "fields": {
    "name": "Martinez-Frank",
    "pages": 813,
    "price": "72.00",
    "rating": 2.0,
    "publisher": 8,
    "pubdate": "2018-05-14",
    "authors": [
      13,
      14
    ]
  }
},
{
  "model": "store.book",
  "pk": 119,
  "fields": {
    "name": "Hall Inc",
    "pages": 202,
    "price": "12.00",
    "rating": 4.0,
    "publisher": 8,
    "pubdate": "2011-09-28",
    "authors": [
      13,
      14
    ]
  }
},
{
  "model": "store.book",
  "pk": 120,
  "fields": {
    "name": "Calhoun, Cook and Clark",
    "pages": 739,
    "price": "95.00",
    "rating": 5.0,
    "publisher": 8,
    "pubdate": "1989-09-08",
    "authors": [
      13,
      14
    ]
  }
},
{
  "model": "store.book",
  "pk": 121,
  "fields": {
    "name": "Le-Smith",
    "pages": 242,
    "price": "90.00",
    "rating": 5.0,
    "publisher": 8,
    "pubdate": "1985-10-07",
    "authors": [
      13,
      14
    ]
  }
},
{
  "model": "store.book",
  "pk": 122,
  "fields": {
    "name": "Obrien-Allison",
    "pages": 323,
    "price": "49.00",
    "rating": 4.0,
    "publisher": 8,
    "pubdate": "1997-06-20",
    "authors": [
      13,
      14
    ]
  }
},
{
  "model": "store.book",
  "pk": 123,
  "fields": {
    "name": "Mcclure-Fields",
    "pages": 360,
    "price": "18.00",
    "rating": 5.0,
    "publisher": 8,
    "pubdate": "2016-01-15",
    "authors": [
      13,
      14
    ]
  }
},
{
  "model": "store.book",
  "pk": 124,
  "fields": {
    "name": "Whitaker-Weber",
    "pages": 735,
    "price": "74.00",
    "rating": 4.0,
    "publisher": 8,
    "pubdate": "2013-06-20",
    "authors": [
      13,
      14
    ]
  }
},
{
  "model": "store.book",
  "pk": 125,
  "fields": {
    "name": "Morris-Pittman",
    "pages": 639,
    "price": "28.00",
    "rating": 2.0,
    "publisher": 8,
    "pubdate": "2015-08-12",
    "authors": [
      13,
      14
    ]
  }
},
{
  "model": "store.book",
  "pk": 126,
  "fields": {
    "name": "Romero, Johnson and Valdez",
    "pages": 110,
    "price": "23.00",
    "rating": 5.0,
    "publisher": 8,
    "pubdate": "2015-03-04",
    "authors": [
      13,
      14
    ]
  }
},
{
  "model": "store.book",
  "pk": 127,
  "fields": {
    "name": "Reynolds and Sons",
    "pages": 766,
    "price": "23.00",
    "rating": 5.0,
    "publisher": 8,
    "pubdate": "1978-11-27",
    "authors": [
      13,
      14
    ]
  }
},
{
  "model": "store.book",
  "pk": 128,
  "fields": {
    "name": "Barron-Steele",
    "pages": 241,
    "price": "81.00",
    "rating": 5.0,
    "publisher": 8,
    "pubdate": "1971-10-10",
    "authors": [
      13,
      14
    ]
  }
},
{
  "model": "store.book",
  "pk": 129,
  "fields": {
    "name": "Grimes-Conway",
    "pages": 496,
    "price": "51.00",
    "rating": 4.0,
    "publisher": 8,
    "pubdate": "1990-09-03",
    "authors": [
      13,
      14
    ]
  }
},
{
  "model": "store.book",
  "pk": 130,
  "fields": {
    "name": "Thompson LLC",
    "pages": 243,
    "price": "74.00",
    "rating": 2.0,
    "publisher": 8,
    "pubdate": "2011-09-01",
    "authors": [
      13,
      14
    ]
  }
},
{
  "model": "store.book",
  "pk": 131,
  "fields": {
    "name": "Lopez Ltd",
    "pages": 642,
    "price": "60.00",
    "rating": 5.0,
    "publisher": 8,
    "pubdate": "1994-10-17",
    "authors": [
      13,
      14
    ]
  }
},
{
  "model": "store.book",
  "pk": 132,
  "fields": {
    "name": "Carlson-Maddox",
    "pages": 259,
    "price": "23.00",
    "rating": 5.0,
    "publisher": 8,
    "pubdate": "1979-11-03",
    "authors": [
      13,
      14
    ]
  }
},
{
  "model": "store.book",
  "pk": 133,
  "fields": {
    "name": "Holt-Stanton",
    "pages": 885,
    "price": "63.00",
    "rating": 3.0,
    "publisher": 8,
    "pubdate": "2009-09-12",
    "authors": [
      13,
      14
    ]
  }
},
{
  "model": "store.book",
  "pk": 134,
  "fields": {
    "name": "Taylor-Alvarado",
    "pages": 928,
    "price": "33.00",
    "rating": 2.0,
    "publisher": 8,
    "pubdate": "2014-12-08",
    "authors": [
      13,
      14
    ]
  }
},
{
  "model": "store.book",
  "pk": 135,
  "fields": {
    "name": "Dominguez PLC",
    "pages": 585,
    "price": "58.00",
    "rating": 2.0,
    "publisher": 8,
    "pubdate": "2010-08-28",
    "authors": [
      13,
      14
    ]
  }
},
{
  "model": "store.book",
  "pk": 136,
  "fields": {
    "name": "Olson Inc",
    "pages": 420,
    "price": "66.00",
    "rating": 4.0,
    "publisher": 8,
    "pubdate": "2005-03-12",
    "authors": [
      13,
      14
    ]
  }
},
{
  "model": "store.book",
  "pk": 137,
  "fields": {
    "name": "Peck-Harris",
    "pages": 999,
    "price": "95.00",
    "rating": 2.0,
    "publisher": 8,
    "pubdate": "1991-11-06",
    "authors": [
      13,
      14
    ]
  }
},
{
  "model": "store.book",
  "pk": 138,
  "fields": {
    "name": "Lewis Ltd",
    "pages": 319,
    "price": "91.00",
    "rating": 3.0,
    "publisher": 8,
    "pubdate": "1981-04-06",
    "authors": [
      13,
      14
    ]
  }
},
{
  "model": "store.book",
  "pk": 139,
  "fields": {
    "name": "Pierce, Mcdonald and Jones",
    "pages": 500,
    "price": "83.00",
    "rating": 5.0,
    "publisher": 8,
    "pubdate": "2011-01-11",
    "authors": [
      13,
      14
    ]
  }
},
{
  "model": "store.book",
  "pk": 140,
  "fields": {
    "name": "Stewart Inc",
    "pages": 204,
    "price": "45.00",
    "rating": 5.0,
    "publisher": 8,
    "pubdate": "1983-06-26",
    "authors": [
      13,
      14
    ]
  }
},
{
  "model": "store.book",
  "pk": 141,
  "fields": {
    "name": "Lewis, Jensen and Ibarra",
    "pages": 673,
    "price": "50.00",
    "rating": 3.0,
    "publisher": 8,
    "pubdate": "1979-08-21",
    "authors": [
      13,
      14
    ]
  }
},
{
  "model": "store.book",
  "pk": 142,
  "fields": {
    "name": "Allen-Jones",
    "pages": 260,
    "price": "50.00",
    "rating": 4.0,
    "publisher": 8,
    "pubdate": "2010-02-14",
    "authors": [
      13,
      14
    ]
  }
},
{
  "model": "store.book",
  "pk": 143,
  "fields": {
    "name": "Miller-Campbell",
    "pages": 603,
    "price": "56.00",
    "rating": 3.0,
    "publisher": 8,
    "pubdate": "1989-02-07",
    "authors": [
      13,
      14
    ]
  }
},
{
  "model": "store.book",
  "pk": 144,
  "fields": {
    "name": "Patterson, Molina and Greene",
    "pages": 126,
    "price": "95.00",
    "rating": 5.0,
    "publisher": 8,
    "pubdate": "1981-05-03",
    "authors": [
      13,
      14
    ]
  }
},
{
  "model": "store.book",
  "pk": 145,
  "fields": {
    "name": "Russell-Miller",
    "pages": 627,
    "price": "12.00",
    "rating": 3.0,
    "publisher": 8,
    "pubdate": "1982-08-08",
    "authors": [
      13,
      14
    ]
  }
},
{
  "model": "store.book",
  "pk": 146,
  "fields": {
    "name": "Bailey PLC",
    "pages": 974,
    "price": "57.00",
    "rating": 3.0,
    "publisher": 8,
    "pubdate": "2014-12-01",
    "authors": [
      13,
      14
    ]
  }
},
{
  "model": "store.book",
  "pk": 147,
  "fields": {
    "name": "Gonzalez Inc",
    "pages": 793,
    "price": "45.00",
    "rating": 2.0,
    "publisher": 8,
    "pubdate": "1999-06-12",
    "authors": [
      13,
      14
    ]
  }
},
{
  "model": "store.book",
  "pk": 148,
  "fields": {
    "name": "Acevedo, Andrade and Walker",
    "pages": 855,
    "price": "68.00",
    "rating": 4.0,
    "publisher": 8,
    "pubdate": "1970-01-21",
    "authors": [
      13,
      14
    ]
  }
},
{
  "model": "store.book",
  "pk": 149,
  "fields": {
    "name": "Johnson-Peters",
    "pages": 796,
    "price": "36.00",
    "rating": 5.0,
    "publisher": 8,
    "pubdate": "2011-03-06",
    "authors": [
      13,
      14
    ]
  }
},
{
  "model": "store.book",
  "pk": 150,
  "fields": {
    "name": "Martinez-Lewis",
    "pages": 972,
    "price": "73.00",
    "rating": 5.0,
    "publisher": 8,
    "pubdate": "1990-04-08",
    "authors": [
      13,
      14
    ]
  }
},
{
  "model": "store.book",
  "pk": 151,
  "fields": {
    "name": "Shannon-Garcia",
    "pages": 843,
    "price": "38.00",
    "rating": 3.0,
    "publisher": 8,
    "pubdate": "1989-03-04",
    "authors": [
      13,
      14
    ]
  }
},
{
  "model": "store.book",
  "pk": 152,
  "fields": {
    "name": "Wall Ltd",
    "pages": 722,
    "price": "64.00",
    "rating": 2.0,
    "publisher": 8,
    "pubdate": "2017-02-06",
    "authors": [
      13,
      14
    ]
  }
},
{
  "model": "store.book",
  "pk": 153,
  "fields": {
    "name": "Larsen, Morris and Payne",
    "pages": 778,
    "price": "79.00",
    "rating": 3.0,
    "publisher": 8,
    "pubdate": "2002-07-11",
    "authors": [
      13,
      14
    ]
  }
},
{
  "model": "store.book",
  "pk": 154,
  "fields": {
    "name": "Quinn, Lopez and Wong",
    "pages": 791,
    "price": "37.00",
    "rating": 3.0,
    "publisher": 8,
    "pubdate": "1994-01-11",
    "authors": [
      13,
      14
    ]
  }
},
{
  "model": "store.book",
  "pk": 155,
  "fields": {
    "name": "Greer, Phillips and Gutierrez",
    "pages": 748,
    "price": "95.00",
    "rating": 4.0,
    "publisher": 8,
    "pubdate": "1993-08-15",
    "authors": [
      13,
      14
    ]
  }
},
{
  "model": "store.book",
  "pk": 156,
  "fields": {
    "name": "Sullivan, Montgomery and Jones",
    "pages": 387,
    "price": "86.00",
    "rating": 2.0,
    "publisher": 8,
    "pubdate": "1980-01-29",
    "authors": [
      13,
      14
    ]
  }
},
{
  "model": "store.book",
  "pk": 157,
  "fields": {
    "name": "Adams, Smith and Wright",
    "pages": 716,
    "price": "63.00",
    "rating": 3.0,
    "publisher": 8,
    "pubdate": "1978-05-04",
    "authors": [
      13,
      14
    ]
  }
},
{
  "model": "store.book",
  "pk": 158,
  "fields": {
    "name": "Adams Ltd",
    "pages": 280,
    "price": "55.00",
    "rating": 2.0,
    "publisher": 8,
    "pubdate": "1983-07-13",
    "authors": [
      13,
      14
    ]
  }
},
{
  "model": "store.book",
  "pk": 159,
  "fields": {
    "name": "Wilson, Vargas and Espinoza",
    "pages": 105,
    "price": "97.00",
    "rating": 3.0,
    "publisher": 8,
    "pubdate": "1984-05-01",
    "authors": [
      13,
      14
    ]
  }
},
{
  "model": "store.book",
  "pk": 160,
  "fields": {
    "name": "Le-Davis",
    "pages": 283,
    "price": "54.00",
    "rating": 5.0,
    "publisher": 8,
    "pubdate": "1970-01-23",
    "authors": [
      13,
      14
    ]
  }
},
{
  "model": "store.book",
  "pk": 161,
  "fields": {
    "name": "Smith-Green",
    "pages": 723,
    "price": "61.00",
    "rating": 3.0,
    "publisher": 8,
    "pubdate": "1971-06-10",
    "authors": [
      13,
      14
    ]
  }
},
{
  "model": "store.book",
  "pk": 162,
  "fields": {
    "name": "Foster, Gonzalez and King",
    "pages": 599,
    "price": "27.00",
    "rating": 5.0,
    "publisher": 8,
    "pubdate": "2014-08-20",
    "authors": [
      13,
      14
    ]
  }
},
{
  "model": "store.book",
  "pk": 163,
  "fields": {
    "name": "Smith LLC",
    "pages": 983,
    "price": "37.00",
    "rating": 3.0,
    "publisher": 8,
    "pubdate": "2015-04-02",
    "authors": [
      13,
      14
    ]
  }
},
{
  "model": "store.book",
  "pk": 164,
  "fields": {
    "name": "Banks, House and Munoz",
    "pages": 432,
    "price": "32.00",
    "rating": 4.0,
    "publisher": 8,
    "pubdate": "2005-05-11",
    "authors": [
      13,
      14
    ]
  }
},
{
  "model": "store.book",
  "pk": 165,
  "fields": {
    "name": "James LLC",
    "pages": 911,
    "price": "39.00",
    "rating": 2.0,
    "publisher": 8,
    "pubdate": "2014-08-11",
    "authors": [
      13,
      14
    ]
  }
},
{
  "model": "store.book",
  "pk": 166,
  "fields": {
    "name": "Olsen LLC",
    "pages": 624,
    "price": "66.00",
    "rating": 2.0,
    "publisher": 8,
    "pubdate": "2008-08-22",
    "authors": [
      13,
      14
    ]
  }
},
{
  "model": "store.book",
  "pk": 167,
  "fields": {
    "name": "Johnson, Hammond and Jones",
    "pages": 928,
    "price": "80.00",
    "rating": 4.0,
    "publisher": 8,
    "pubdate": "2008-01-23",
    "authors": [
      13,
      14
    ]
  }
},
{
  "model": "store.book",
  "pk": 168,
  "fields": {
    "name": "Palmer-Rodgers",
    "pages": 977,
    "price": "28.00",
    "rating": 5.0,
    "publisher": 8,
    "pubdate": "1993-10-23",
    "authors": [
      13,
      14
    ]
  }
},
{
  "model": "store.book",
  "pk": 169,
  "fields": {
    "name": "Wood, Ramos and Duran",
    "pages": 210,
    "price": "92.00",
    "rating": 2.0,
    "publisher": 8,
    "pubdate": "2014-08-23",
    "authors": [
      13,
      14
    ]
  }
},
{
  "model": "store.book",
  "pk": 170,
  "fields": {
    "name": "Robinson-Gonzalez",
    "pages": 451,
    "price": "74.00",
    "rating": 3.0,
    "publisher": 8,
    "pubdate": "2013-11-20",
    "authors": [
      13,
      14
    ]
  }
},
{
  "model": "store.book",
  "pk": 171,
  "fields": {
    "name": "Nguyen-Rice",
    "pages": 997,
    "price": "16.00",
    "rating": 3.0,
    "publisher": 8,
    "pubdate": "2003-11-18",
    "authors": [
      13,
      14
    ]
  }
},
{
  "model": "store.book",
  "pk": 172,
  "fields": {
    "name": "Davis, Ramirez and Whitaker",
    "pages": 620,
    "price": "46.00",
    "rating": 3.0,
    "publisher": 8,
    "pubdate": "2009-05-15",
    "authors": [
      13,
      14
    ]
  }
},
{
  "model": "store.book",
  "pk": 173,
  "fields": {
    "name": "Wright, George and Martin",
    "pages": 531,
    "price": "85.00",
    "rating": 3.0,
    "publisher": 8,
    "pubdate": "2020-09-16",
    "authors": [
      13,
      14
    ]
  }
},
{
  "model": "store.book",
  "pk": 174,
  "fields": {
    "name": "Douglas, Chase and Diaz",
    "pages": 753,
    "price": "70.00",
    "rating": 2.0,
    "publisher": 8,
    "pubdate": "2021-04-17",
    "authors": [
      13,
      14
    ]
  }
},
{
  "model": "store.book",
  "pk": 175,
  "fields": {
    "name": "Rosario LLC",
    "pages": 790,
    "price": "60.00",
    "rating": 4.0,
    "publisher": 8,
    "pubdate": "2011-03-29",
    "authors": [
      13,
      14
    ]
  }
},
{
  "model": "store.book",
  "pk": 176,
  "fields": {
    "name": "Cardenas-Palmer",
    "pages": 527,
    "price": "47.00",
    "rating": 3.0,
    "publisher": 8,
    "pubdate": "1977-04-29",
    "authors": [
      13,
      14
    ]
  }
},
{
  "model": "store.book",
  "pk": 177,
  "fields": {
    "name": "Espinoza-Young",
    "pages": 801,
    "price": "53.00",
    "rating": 4.0,
    "publisher": 8,
    "pubdate": "2010-12-13",
    "authors": [
      13,
      14
    ]
  }
},
{
  "model": "store.book",
  "pk": 178,
  "fields": {
    "name": "Patrick-Evans",
    "pages": 815,
    "price": "84.00",
    "rating": 3.0,
    "publisher": 8,
    "pubdate": "1981-07-22",
    "authors": [
      13,
      14
    ]
  }
},
{
  "model": "store.book",
  "pk": 179,
  "fields": {
    "name": "Nelson, Walker and Garcia",
    "pages": 646,
    "price": "61.00",
    "rating": 2.0,
    "publisher": 8,
    "pubdate": "2003-07-29",
    "authors": [
      13,
      14
    ]
  }
},
{
  "model": "store.book",
  "pk": 180,
  "fields": {
    "name": "Pena-Dixon",
    "pages": 471,
    "price": "52.00",
    "rating": 5.0,
    "publisher": 8,
    "pubdate": "1970-06-06",
    "authors": [
      13,
      14
    ]
  }
},
{
  "model": "store.book",
  "pk": 181,
  "fields": {
    "name": "Williams-Hart",
    "pages": 967,
    "price": "81.00",
    "rating": 5.0,
    "publisher": 8,
    "pubdate": "1976-09-08",
    "authors": [
      13,
      14
    ]
  }
},
{
  "model": "store.book",
  "pk": 182,
  "fields": {
    "name": "Woodard, Williams and Cole",
    "pages": 618,
    "price": "45.00",
    "rating": 2.0,
    "publisher": 8,
    "pubdate": "1997-02-05",
    "authors": [
      13,
      14
    ]
  }
},
{
  "model": "store.store",
  "pk": 1,
  "fields": {
    "name": "Wagner-Cole",
    "books": [
      2,
      3,
      4,
      5,
      6,
      7,
      8,
      9,
      10,
      11,
      12,
      13,
      14,
      15,
      16,
      17,
      18,
      19,
      20,
      21,
      22,
      23,
      24,
      25,
      26,
      27,
      28,
      29,
      30,
      31,
      32,
      33,
      34,
      35,
      36,
      37,
      38,
      39,
      40,
      41,
      42,
      43,
      44,
      45,
      46,
      47,
      48,
      49,
      50,
      51
    ]
  }
},
{
  "model": "store.store",
  "pk": 2,
  "fields": {
    "name": "Hall, Cain and Robbins",
    "books": [
      52,
      53,
      54,
      55,
      56,
      57,
      58,
      59,
      60,
      61,
      62,
      63,
      64,
      65,
      66,
      67,
      68,
      69,
      70,
      71,
      72,
      73,
      74,
      75,
      76,
      77,
      78,
      79,
      80,
      81,
      82,
      83,
      84,
      85,
      86,
      87,
      88,
      89,
      90,
      91,
      92,
      93,
      94,
      95,
      96,
      97,
      98,
      99,
      100,
      101
    ]
  }
},
{
  "model": "store.store",
  "pk": 3,
  "fields": {
    "name": "Benitez Inc",
    "books": [
      102,
      103,
      104,
      105,
      106,
      107,
      108,
      109,
      110,
      111,
      112,
      113,
      114,
      115,
      116,
      117,
      118,
      119,
      120,
      121,
      122,
      123,
      124,
      125,
      126,
      127,
      128,
      129,
      130,
      131,
      132,
      133,
      134,
      135,
      136,
      137,
      138,
      139,
      140,
      141,
      142,
      143,
      144,
      145,
      146,
      147,
      148,
      149,
      150,
      151,
      152,
      153,
      154,
      155,
      156,
      157,
      158,
      159,
      160,
      161,
      162,
      163,
      164,
      165,
      166,
      167,
      168,
      169,
      170,
      171,
      172,
      173,
      174,
      175,
      176,
      177,
      178,
      179,
      180,
      181,
      182
    ]
  }
}
]
